{
    "rmse": 0.613825021835252,
    "mae": 0.4712673133970553,
    "r2": 0.29335038636321675
}