{
    "rmse": 0.6425685966038146,
    "mae": 0.49916844948544536,
    "r2": 0.3622698476255338
}