{
    "rmse": 0.6993410243818748,
    "mae": 0.5530686639030563,
    "r2": 0.3413092681703839
}